{"cameraMode":{"drawMode":0,"name":"Shaded","section":"Shading Mode"},"sceneLighting":true,"audioPlay":false,"sceneViewState":{"showFog":true,"showMaterialUpdate":false,"showSkybox":true,"showFlares":true,"showImageEffects":true,"showParticleSystems":true,"showVisualEffectGraphs":true,"m_FxEnabled":true},"in2DMode":false,"pivot":{"x":-2.0978856086730959,"y":2.004546642303467,"z":2.132430076599121},"rotation":{"x":0.22860932350158692,"y":0.07293122261762619,"z":-0.01717480830848217,"w":0.9706389904022217},"size":13.909831047058106,"orthographic":false}