{"cameraMode":{"drawMode":0,"name":"Shaded","section":"Shading Mode"},"sceneLighting":false,"audioPlay":false,"sceneViewState":{"showFog":true,"showMaterialUpdate":false,"showSkybox":false,"showFlares":true,"showImageEffects":true,"showParticleSystems":true,"showVisualEffectGraphs":true,"m_FxEnabled":true},"in2DMode":false,"pivot":{"x":0.04249274730682373,"y":0.26020902395248415,"z":7.450580596923828e-8},"rotation":{"x":0.3916688859462738,"y":0.26568982005119326,"z":-0.11922705918550492,"w":0.8728100061416626},"size":0.5049608945846558,"orthographic":false}