{"cameraMode":{"drawMode":0,"name":"Shaded","section":"Shading Mode"},"sceneLighting":false,"audioPlay":false,"sceneViewState":{"showFog":true,"showMaterialUpdate":false,"showSkybox":false,"showFlares":true,"showImageEffects":true,"showParticleSystems":true,"showVisualEffectGraphs":true,"m_FxEnabled":true},"in2DMode":false,"pivot":{"x":0.00003826618194580078,"y":1.0158004760742188,"z":0.08331632614135742},"rotation":{"x":0.34067368507385256,"y":0.15690983831882478,"z":-0.057774461805820468,"w":0.9252023696899414},"size":1.5436218976974488,"orthographic":false}