{"cameraMode":{"drawMode":0,"name":"Shaded","section":"Shading Mode"},"sceneLighting":false,"audioPlay":false,"sceneViewState":{"showFog":true,"showMaterialUpdate":false,"showSkybox":false,"showFlares":true,"showImageEffects":true,"showParticleSystems":true,"showVisualEffectGraphs":true,"m_FxEnabled":true},"in2DMode":false,"pivot":{"x":-0.4034463167190552,"y":0.16060906648635865,"z":0.06779909133911133},"rotation":{"x":0.3303711712360382,"y":-0.30756840109825137,"z":0.11482690274715424,"w":0.8849233388900757},"size":0.6247448921203613,"orthographic":false}